-- ----------------------------------------------------------------
-- INITIAL SETUP ONLY, DO NOT RE-RUN!
-- ----------------------------------------------------------------
USE dbhealth;

-- setting up data
insert into tbl_country (id, code, language, title, abbreviation, active) values
(1, 1, 'pt_BR', 'Brasil', 'BR', 1),
(2, 2, 'pt_BR', 'Argentina', 'AR', 1),
(3, 3, 'pt_BR', 'Estados Unidos', 'US', 1),

(4, 1, 'es_ES', 'Brasil', 'BR', 1),
(5, 2, 'es_ES', 'Argentina', 'AR', 1),
(6, 3, 'es_ES', 'Estados Unidos', 'US', 1),

(7, 1, 'en_US', 'Brazil', 'BR', 1),
(8, 2, 'en_US', 'Argentina', 'AR', 1),
(9, 3, 'en_US', 'United States', 'US', 1)
;

insert into tbl_marital_status (id, code, title, language) values
( 1, 1, 'Solteiro(a)', 'pt_BR'),
( 2, 2, 'Amasiado(a)', 'pt_BR'),
( 3, 3, 'Casado(a)', 'pt_BR'),
( 4, 4, 'Separado(a)', 'pt_BR'),
( 5, 5, 'Divorciado(a)', 'pt_BR'),
( 6, 6, 'Viúvo(a)', 'pt_BR'),

( 7, 1, 'Soltero(a)', 'es_ES'),
( 8, 2, 'Comprometido(a)', 'es_ES'),
( 9, 3, 'Casado(a)', 'es_ES'),
(10, 4, 'Separado(a)', 'es_ES'),
(11, 5, 'Divorciado(a)', 'es_ES'),
(12, 6, 'Viudo(a)', 'es_ES'),

(13, 1, 'Single', 'en_US'),
(14, 2, 'Common-law', 'en_US'),
(15, 3, 'Married', 'en_US'),
(16, 4, 'Separated', 'en_US'),
(17, 5, 'Divorced', 'en_US'),
(18, 6, 'Widowed', 'en_US')
;

insert into tbl_role (id, title, description, active) values
(1, 'user', 'Authorized visitors', 1),
(2, 'admin', 'Content administrators', 1),
(3, 'auditor', 'Can read all information, but not modify', 1)
;

insert into tbl_state (id, code_country, title, abbreviation, active) values
( 1, 1, 'Acre', 'AC', 1),
( 2, 1, 'Alagoas', 'AL', 1),
( 3, 1, 'Amapá', 'AP', 1),
( 4, 1, 'Amazonas', 'AM', 1),
( 5, 1, 'Bahia', 'BA', 1),
( 6, 1, 'Ceará', 'CE', 1),
( 7, 1, 'Distrito Federal', 'DF', 1),
( 8, 1, 'Espírito Santo', 'ES', 1),
( 9, 1, 'Goiás', 'GO', 1),
(10, 1, 'Maranhão', 'MA', 1),
(11, 1, 'Mato Grosso', 'MT', 1),
(12, 1, 'Mato Grosso do Sul', 'MS', 1),
(13, 1, 'Minas Gerais', 'MG', 1),
(14, 1, 'Pará', 'PA', 1),
(15, 1, 'Paraíba', 'PB', 1),
(16, 1, 'Paraná', 'PR', 1),
(17, 1, 'Pernambuco', 'PE', 1),
(18, 1, 'Piauí', 'PI', 1),
(19, 1, 'Rio de Janeiro', 'RJ', 1),
(20, 1, 'Rio Grande do Norte', 'RN', 1),
(21, 1, 'Rio Grande do Sul', 'RS', 1),
(22, 1, 'Rondônia', 'RO', 1),
(23, 1, 'Roraima', 'RR', 1),
(24, 1, 'Santa Catarina', 'SC', 1),
(25, 1, 'São Paulo', 'SP', 1),
(26, 1, 'Sergipe', 'SE', 1),
(27, 1, 'Tocantins', 'TO', 1),

(28, 2, 'Buenos Aires', 'BA', 1),
(29, 2, 'Catamarca', 'CA', 1),
(30, 2, 'Chaco', 'CH', 1),
(31, 2, 'Chubut', 'CT', 1),
(32, 2, 'Córdoba', 'CB', 1),
(33, 2, 'Corrientes', 'CR', 1),
(34, 2, 'Entre Ríos', 'ER', 1),
(35, 2, 'Formosa', 'FO', 1),
(36, 2, 'Jujuy', 'JY', 1),
(37, 2, 'La Pampa', 'LP', 1),
(38, 2, 'La Rioja', 'LR', 1),
(39, 2, 'Mendoza', 'MZ', 1),
(40, 2, 'Misiones', 'MI', 1),
(41, 2, 'Neuquén', 'NQ', 1),
(42, 2, 'Río Negro', 'RN', 1),
(43, 2, 'Salta', 'SA', 1),
(44, 2, 'San Juan', 'SJ', 1),
(45, 2, 'San Luis', 'SL', 1),
(46, 2, 'Santa Cruz', 'SC', 1),
(47, 2, 'Santa Fe', 'SF', 1),
(48, 2, 'Santiago del Estero', 'SE', 1),
(49, 2, 'Tierra del Fuego', 'TF', 1),
(50, 2, 'Tucumán', 'TU', 1),

(51, 3, 'Alabama', 'AL', 1),
(52, 3, 'Alaska', 'AK', 1),
(53, 3, 'Arizona', 'AZ', 1),
(54, 3, 'Arkansas', 'AR', 1),
(55, 3, 'California', 'CA', 1),
(56, 3, 'Colorado', 'CO', 1),
(57, 3, 'Connecticut', 'CT', 1),
(58, 3, 'Delaware', 'DE', 1),
(59, 3, 'Florida', 'FL', 1),
(60, 3, 'Georgia', 'GA', 1),
(61, 3, 'Hawaii', 'HI', 1),
(62, 3, 'Idaho', 'ID', 1),
(63, 3, 'Illinois', 'IL', 1),
(64, 3, 'Indiana', 'IN', 1),
(65, 3, 'Iowa', 'IA', 1),
(66, 3, 'Kansas', 'KS', 1),
(67, 3, 'Kentucky', 'KY', 1),
(68, 3, 'Louisiana', 'LA', 1),
(69, 3, 'Maine', 'ME', 1),
(70, 3, 'Maryland', 'MD', 1),
(71, 3, 'Massachusetts', 'MA', 1),
(72, 3, 'Michigan', 'MI', 1),
(73, 3, 'Minnesota', 'MN', 1),
(74, 3, 'Mississippi', 'MS', 1),
(75, 3, 'Missouri', 'MO', 1),
(76, 3, 'Montana', 'MT', 1),
(77, 3, 'Nebraska', 'NE', 1),
(78, 3, 'Nevada', 'NV', 1),
(79, 3, 'New Hampshire', 'NH', 1),
(80, 3, 'New Jersey', 'NJ', 1),
(81, 3, 'New Mexico', 'NM', 1),
(82, 3, 'New York', 'NY', 1),
(83, 3, 'North Carolina', 'NC', 1),
(84, 3, 'North Dakota', 'ND', 1),
(85, 3, 'Ohio', 'OH', 1),
(86, 3, 'Oklahoma', 'OK', 1),
(87, 3, 'Oregon', 'OR', 1),
(88, 3, 'Pennsylvania', 'PA', 1),
(89, 3, 'Rhode Island', 'RI', 1),
(90, 3, 'South Carolina', 'SC', 1),
(91, 3, 'South Dakota', 'SD', 1),
(92, 3, 'Tennessee', 'TN', 1),
(93, 3, 'Texas', 'TX', 1),
(94, 3, 'Utah', 'UT', 1),
(95, 3, 'Vermont', 'VT', 1),
(96, 3, 'Virginia', 'VA', 1),
(97, 3, 'Washington', 'WA', 1),
(98, 3, 'West Virginia', 'WV', 1),
(99, 3, 'Wisconsin', 'WI', 1),
(100,3, 'Wyoming', 'WY', 1)
;

